{"GAT (Baseline)": 0.883177570093458, "GGNN (Baseline)": 0.8714953271028038, "Hybrid (Ours)": 0.866822429906542}